index,loss,correct,total_logprob
0,0.9524844884872437,0,8.20089340209961
1,0.6595692038536072,1,5.650262355804443
2,1.0279796123504639,0,5.31157112121582
