index,loss,correct,total_logprob
0,1.8682100772857666,0,8.977547645568848
1,1.5327430963516235,0,4.286211967468262
2,1.5537824630737305,0,4.485347747802734
