index,loss,correct,total_logprob
0,1.1663018465042114,0,7.656950950622559
1,1.0479873418807983,0,3.534090757369995
2,1.2591445446014404,0,3.714681386947632
