index,estimate
0,102610.975
1,1175.0
2,2823.1
3,7606.7555555555555
4,11604.53
5,21819.593547999997
6,0.8939299999999999
7,840.3
8,210.0
