index,estimate
0,2567.85
1,1175.0
2,2755.79
3,6377.2
4,8727.59
5,26130.873548
6,1.8138721
7,224.71800000000002
8,216.0
