index,estimate
0,2824.222222222222
1,1175.0
2,3525.0
3,32909.3
4,14516.0
5,31255.248
6,2273.1666666666665
7,72.0
8,216.0
