index,estimate
0,1885.8
1,1156.3
2,3061.4
3,30974.9
4,26936.555555555555
5,8420.8
6,203668.77777777778
7,410850.5
8,216.1
