index,estimate
0,2592.0
1,1220.8
2,3498.5
3,27109.8
4,18948.3
5,18095.333333333332
6,622.2
7,112.1
8,229.85999999999999
