index,estimate
0,7083.7
1,1175.0
2,4656.2
3,50247.75
4,14754.574999999999
5,32537.4
6,530969.20175
7,14457.34
8,204.825
